"Month","LOCAL_YEAR","max_EHF","max_EHF_95","Station"
"01",1941,32.4926666666667,12.6859666666668,"Prince_George"
"01",1942,44.3473333333332,11.5383333333333,"Prince_George"
"01",1943,48.8999999999998,24.4499999999998,"Prince_George"
"01",1944,50.4365555555551,27.6832222222218,"Prince_George"
"01",1945,20.3785555555552,-5.83000000000025,"Prince_George"
"01",1946,-4.80000000000002,-6.60000000000002,"Prince_George"
"01",1947,21.6387999999996,-3.45300000000024,"Prince_George"
"01",1948,-3.18666666666669,-4.92166666666668,"Prince_George"
"01",1949,-14.1,-15.755,"Prince_George"
"01",1950,-16.92,-18.655,"Prince_George"
"01",1951,-5.2666666666667,-7.12166666666669,"Prince_George"
"01",1952,27.2667777777776,-5.26312222222212,"Prince_George"
"01",1953,-5.96666666666666,-7.72166666666666,"Prince_George"
"01",1954,73.8417333333334,35.937766666667,"Prince_George"
"01",1955,-4.08833333333319,-9.9236666666661,"Prince_George"
"01",1956,-16.1666666666667,-18.3766666666667,"Prince_George"
"01",1957,-7.02,-8.855,"Prince_George"
"01",1958,13.1226666666665,0.785016666666678,"Prince_George"
"01",1959,-7.03333333333332,-9.14333333333331,"Prince_George"
"01",1960,10.6369555555556,-5.38833333333332,"Prince_George"
"01",1961,22.7413333333334,5.64373333333355,"Prince_George"
"01",1962,76.8535555555559,49.0888555555561,"Prince_George"
"01",1963,16.9162000000001,5.54038333333351,"Prince_George"
"01",1964,-3.42799999999969,-6.8766666666666,"Prince_George"
"01",1965,24.8454000000009,-14.0883333333333,"Prince_George"
"01",1966,-14.5104444444446,-16.5144444444446,"Prince_George"
"01",1967,-1.60555555555535,-5.57666666666658,"Prince_George"
"01",1968,78.2760000000012,41.7175500000013,"Prince_George"
"01",1969,-18.4999999999999,-20.2549999999999,"Prince_George"
"01",1970,-8.13333333333325,-9.88833333333324,"Prince_George"
"01",1971,-8.51279999999901,-16.9883333333332,"Prince_George"
"01",1972,-16.5333333333332,-18.4433333333332,"Prince_George"
"01",1973,29.9677333333348,1.4285106431089e-12,"Prince_George"
"01",1974,-9.7659999999984,-17.3433333333332,"Prince_George"
"01",1975,-3.83333333333323,-5.58833333333323,"Prince_George"
"01",1976,16.5424000000011,-1.96933333333227,"Prince_George"
"01",1977,-5.3537777777769,-9.47666666666655,"Prince_George"
"01",1978,-14.0533333333332,-15.9333333333332,"Prince_George"
"01",1979,-18.4866666666665,-20.2216666666665,"Prince_George"
"01",1980,-7.79529999999987,-11.2946499999999,"Prince_George"
"01",1981,46.184000000001,26.104000000001,"Prince_George"
"01",1982,-13.8666666666666,-15.7766666666666,"Prince_George"
"01",1983,-1.65466666666595,-6.95499999999989,"Prince_George"
"01",1984,30.8650333333355,-2.83081666666446,"Prince_George"
"01",1985,-9.32399999999864,-12.4333333333332,"Prince_George"
"01",1986,31.1422222222234,12.6622222222234,"Prince_George"
"01",1987,18.6140000000008,5.60690000000085,"Prince_George"
"01",1988,-6.09955555555429,-13.0766666666665,"Prince_George"
"01",1989,1.28533333333451,-8.78833333333321,"Prince_George"
"01",1990,4.77751111111177,-3.9784555555549,"Prince_George"
"01",1991,50.5160444444471,17.4006777777805,"Prince_George"
"01",1992,19.2495555555565,9.66215555555646,"Prince_George"
"01",1993,59.4905555555586,24.7410722222253,"Prince_George"
"01",1994,5.48608888888961,-5.85499999999988,"Prince_George"
"01",1995,24.358533333335,1.87871666666835,"Prince_George"
"01",1996,65.6030000000021,41.0340333333355,"Prince_George"
"01",1997,16.446000000002,-6.98954999999796,"Prince_George"
"01",1998,47.6764444444464,13.3183111111132,"Prince_George"
"01",1999,0.111866666667634,-7.72166666666654,"Prince_George"
"01",2000,-4.65124444444437,-7.44656111111108,"Prince_George"
"01",2001,19.6777777777791,0.840777777779094,"Prince_George"
"01",2002,32.3359666666679,16.6748166666679,"Prince_George"
"01",2003,48.3593333333346,33.8431666666679,"Prince_George"
"01",2004,22.8266666666682,0.838166666668132,"Prince_George"
"01",2005,74.8762000000024,46.0925500000025,"Prince_George"
"01",2006,15.6966666666676,2.95466666666743,"Prince_George"
"01",2007,28.5805333333348,6.69333333333471,"Prince_George"
"01",2008,6.03000000000112,-7.80999999999988,"Prince_George"
"01",2009,1.20320000000163,-12.6766666666665,"Prince_George"
"01",2010,65.9320000000024,30.2914000000025,"Prince_George"
"01",2011,-7.29999999999988,-9.05499999999988,"Prince_George"
"01",2012,20.8878000000007,7.07490000000079,"Prince_George"
"01",2013,6.94288888889021,-10.4999999999999,"Prince_George"
"01",2014,8.34400000000058,-3.90379999999936,"Prince_George"
"01",2015,19.011111111112,-3.22222222222133,"Prince_George"
"01",2016,22.0146666666677,-0.115866666665532,"Prince_George"
"01",2017,15.0748888888901,-12.8216666666666,"Prince_George"
"01",2018,-3.05199999999921,-10.6099999999999,"Prince_George"
"01",2019,3.10122222222253,-5.4216666666666,"Prince_George"
"01",2020,1.9733333333342,-9.29536666666638,"Prince_George"
"01",2021,3.50422222222251,-3.32166666666659,"Prince_George"
"01",2022,25.4230000000015,-11.1549999999999,"Prince_George"
"01",2023,5.23733333333353,-5.61376666666632,"Prince_George"
"01",2024,76.0316666666672,49.4981666666674,"Prince_George"
"02",1941,26.8788888888889,16.775588888889,"Prince_George"
"02",1942,-1.05376666666666,-2.11931666666663,"Prince_George"
"02",1943,39.0959999999999,24.9779999999999,"Prince_George"
"02",1944,0.936666666666525,-4.12133333333344,"Prince_George"
"02",1945,-3.92360000000017,-8.66897777777737,"Prince_George"
"02",1946,-6.04444444444461,-9.30000000000002,"Prince_George"
"02",1947,16.2708888888884,0.478555555555182,"Prince_George"
"02",1948,-11.5,-12.655,"Prince_George"
"02",1949,-15.3333333333334,-16.4433333333333,"Prince_George"
"02",1950,12.4733333333327,-11.8079999999993,"Prince_George"
"02",1951,-16.4766666666667,-17.3666666666667,"Prince_George"
"02",1952,13.3054999999998,-2.46674999999986,"Prince_George"
"02",1953,-8.36666666666665,-9.56666666666665,"Prince_George"
"02",1954,89.5142222222223,70.0232222222223,"Prince_George"
"02",1955,-7.16666666666666,-8.23333333333332,"Prince_George"
"02",1956,-13.9099999999989,-15.1458499999988,"Prince_George"
"02",1957,-13.8235555555556,-18.8883333333333,"Prince_George"
"02",1958,1.17866666666662,-9.5,"Prince_George"
"02",1959,-5.18786666666658,-15.2,"Prince_George"
"02",1960,-7.2177777777776,-9.35499999999998,"Prince_George"
"02",1961,24.6546666666669,14.5686666666669,"Prince_George"
"02",1962,1.14733333333367,-12.3666666666666,"Prince_George"
"02",1963,77.1657777777781,59.2047777777781,"Prince_George"
"02",1964,-0.268999999999557,-3.88833333333327,"Prince_George"
"02",1965,37.2188888888896,20.3405555555562,"Prince_George"
"02",1966,18.0491111111121,4.84244444444537,"Prince_George"
"02",1967,-6.22955555555477,-10.8666666666666,"Prince_George"
"02",1968,4.47211111111199,-4.55342222222135,"Prince_George"
"02",1969,-14.6433333333333,-15.5333333333332,"Prince_George"
"02",1970,-4.96666666666658,-5.92166666666658,"Prince_George"
"02",1971,1.66222222222337,-9.92166666666657,"Prince_George"
"02",1972,-15.5433333333332,-16.6333333333332,"Prince_George"
"02",1973,-0.62155555555464,-11.0636888888878,"Prince_George"
"02",1974,-6.72349999999876,-7.9999999999999,"Prince_George"
"02",1975,-15.3999999999999,-16.2999999999999,"Prince_George"
"02",1976,-5.37666666666656,-6.39999999999989,"Prince_George"
"02",1977,13.8724888888899,4.26495555555665,"Prince_George"
"02",1978,16.7560000000017,4.18900000000171,"Prince_George"
"02",1979,-14.6333333333332,-15.5883333333332,"Prince_George"
"02",1980,18.4281000000014,6.31655000000142,"Prince_George"
"02",1981,13.3280000000009,4.76000000000088,"Prince_George"
"02",1982,-13.5433333333332,-14.5883333333332,"Prince_George"
"02",1983,14.5300000000011,3.34190000000112,"Prince_George"
"02",1984,22.1407333333344,13.0044333333345,"Prince_George"
"02",1985,-1.5771444444433,-11.1883333333332,"Prince_George"
"02",1986,13.4807111111126,1.7564444444459,"Prince_George"
"02",1987,5.79853333333405,-0.826866666665867,"Prince_George"
"02",1988,-7.44558888888777,-11.9549999999999,"Prince_George"
"02",1989,-12.8999999999999,-13.9999999999999,"Prince_George"
"02",1990,-8.50999999999987,-9.56499999999986,"Prince_George"
"02",1991,57.3100000000027,34.7319000000027,"Prince_George"
"02",1992,21.8400000000013,13.4641111111123,"Prince_George"
"02",1993,24.43477777778,10.39777777778,"Prince_George"
"02",1994,43.3750000000021,24.2900000000021,"Prince_George"
"02",1995,23.8746666666683,4.68966666666828,"Prince_George"
"02",1996,9.12488888889172,-8.47311111110832,"Prince_George"
"02",1997,19.2622222222241,7.44222222222409,"Prince_George"
"02",1998,9.05644444444515,3.09777777777847,"Prince_George"
"02",1999,-7.80499999999985,-10.2316666666665,"Prince_George"
"02",2000,-10.4408888888877,-14.9316666666665,"Prince_George"
"02",2001,-1.63599999999936,-9.1983333333332,"Prince_George"
"02",2002,-0.829999999999058,-9.29999999999989,"Prince_George"
"02",2003,-6.69999999999988,-7.59999999999988,"Prince_George"
"02",2004,-7.06666666666654,-7.80666666666654,"Prince_George"
"02",2005,46.7400000000022,24.6000000000021,"Prince_George"
"02",2006,-2.36666666666653,-3.76666666666653,"Prince_George"
"02",2007,-1.39222222222114,-8.36666666666654,"Prince_George"
"02",2008,-6.81573333333208,-13.7649999999999,"Prince_George"
"02",2009,-2.01599999999902,-9.54857222222229,"Prince_George"
"02",2010,6.46333333333415,-0.646333333332548,"Prince_George"
"02",2011,-14.9193333333322,-16.2333333333332,"Prince_George"
"02",2012,-6.8999999999999,-7.96499999999988,"Prince_George"
"02",2013,-4.82222222222209,-5.75222222222209,"Prince_George"
"02",2014,-13.3433333333332,-14.4333333333332,"Prince_George"
"02",2015,-1.62499999999949,-6.23333333333324,"Prince_George"
"02",2016,3.74577777777839,-2.57522222222159,"Prince_George"
"02",2017,19.0388888888898,7.86388888888979,"Prince_George"
"02",2018,-14.2999999999999,-15.2999999999999,"Prince_George"
"02",2019,-15.6666666666666,-16.8666666666666,"Prince_George"
"02",2020,-5.30999999999993,-6.28833333333325,"Prince_George"
"02",2021,-8.49999999999992,-9.79833333333324,"Prince_George"
"02",2022,20.583333333334,12.033333333334,"Prince_George"
"02",2023,3.49255555555586,-2.0544444444441,"Prince_George"
"02",2024,8.3086666666672,-8.32166666666661,"Prince_George"
"03",1941,11.9484444444444,5.84711111111108,"Prince_George"
"03",1942,2.63999999999999,-4.23599999999997,"Prince_George"
"03",1943,10.0572666666665,-0.391333333333457,"Prince_George"
"03",1944,20.1163666666662,7.47966666666637,"Prince_George"
"03",1945,-0.731555555555681,-3.90000000000002,"Prince_George"
"03",1946,-4.76666666666669,-5.62166666666668,"Prince_George"
"03",1947,12.909333333333,3.8453333333331,"Prince_George"
"03",1948,-10.6199999999994,-11.6513999999994,"Prince_George"
"03",1949,-14.0433333333334,-15.2333333333334,"Prince_George"
"03",1950,-5.64333333333336,-6.68833333333335,"Prince_George"
"03",1951,-12.7642666666668,-16.3666666666667,"Prince_George"
"03",1952,-8.0994444444439,-9.07036111111049,"Prince_George"
"03",1953,9.1583333333334,0.52333333333346,"Prince_George"
"03",1954,-7.39999999999998,-8.25499999999998,"Prince_George"
"03",1955,-13.0026666666657,-14.0149666666657,"Prince_George"
"03",1956,-14.8433333333333,-15.8883333333333,"Prince_George"
"03",1957,-10.6005666666666,-17.4161111111105,"Prince_George"
"03",1958,-7.66566666666621,-9.04799999999946,"Prince_George"
"03",1959,5.20811111111116,-3.83755555555547,"Prince_George"
"03",1960,22.8222222222224,7.75955555555575,"Prince_George"
"03",1961,13.9435666666668,4.59361666666687,"Prince_George"
"03",1962,-2.95066666666624,-14.8883333333333,"Prince_George"
"03",1963,-1.9377777777777,-3.36666666666655,"Prince_George"
"03",1964,14.9777777777784,5.37327777777848,"Prince_George"
"03",1965,4.44077777777819,-2.61222222222182,"Prince_George"
"03",1966,13.6982222222228,6.52762222222284,"Prince_George"
"03",1967,-5.40799999999998,-6.63333333333327,"Prince_George"
"03",1968,15.0363333333338,9.89733333333377,"Prince_George"
"03",1969,5.33044444444526,-2.19488888888809,"Prince_George"
"03",1970,3.99644444444507,-4.24622222222163,"Prince_George"
"03",1971,-5.99999999999991,-7.09999999999991,"Prince_George"
"03",1972,22.9882222222239,6.84755555555716,"Prince_George"
"03",1973,-4.63333333333324,-5.73333333333323,"Prince_George"
"03",1974,-3.72266666666575,-9.6549999999999,"Prince_George"
"03",1975,-7.44933333333354,-8.55666666666692,"Prince_George"
"03",1976,-5.24645555555454,-10.0883333333332,"Prince_George"
"03",1977,3.36108888888928,-0.310344444444055,"Prince_George"
"03",1978,3.59644444444542,-4.88088888888796,"Prince_George"
"03",1979,32.8785222222244,13.7059000000021,"Prince_George"
"03",1980,-7.90999999999989,-9.09999999999988,"Prince_George"
"03",1981,5.34343333333392,-1.73066666666607,"Prince_George"
"03",1982,-10.1666666666666,-11.1216666666666,"Prince_George"
"03",1983,0.249711111111585,-4.62933333333287,"Prince_George"
"03",1984,0.135000000000468,-2.65499999999988,"Prince_George"
"03",1985,-0.269111111110684,-4.63333333333323,"Prince_George"
"03",1986,19.5545222222236,9.269000000001,"Prince_George"
"03",1987,5.09680000000064,-1.22359999999935,"Prince_George"
"03",1988,2.40177777777833,-3.25955555555501,"Prince_George"
"03",1989,-12.5999999999999,-13.5549999999999,"Prince_George"
"03",1990,-2.4506666666659,-6.24866666666672,"Prince_George"
"03",1991,-3.99999999999986,-4.89999999999986,"Prince_George"
"03",1992,31.8939666666678,23.0503166666678,"Prince_George"
"03",1993,25.4877000000016,12.7438500000016,"Prince_George"
"03",1994,32.9942000000019,13.264000000002,"Prince_George"
"03",1995,19.8533111111126,6.83211111111264,"Prince_George"
"03",1996,21.2240000000015,10.3161111111126,"Prince_George"
"03",1997,10.310666666668,2.29646666666803,"Prince_George"
"03",1998,4.8972777777785,-0.762222222221523,"Prince_George"
"03",1999,6.6844444444452,1.04444444444518,"Prince_George"
"03",2000,-3.47384444444398,-5.25499999999989,"Prince_George"
"03",2001,3.77000000000136,-6.12166666666654,"Prince_George"
"03",2002,-8.20128888888886,-9.99422222222222,"Prince_George"
"03",2003,9.83286666666834,-2.48933333333168,"Prince_George"
"03",2004,16.3223333333344,8.88333333333425,"Prince_George"
"03",2005,31.6350000000014,21.7597500000014,"Prince_George"
"03",2006,7.50633333333475,-2.73444999999857,"Prince_George"
"03",2007,30.3649666666681,18.6058166666681,"Prince_George"
"03",2008,-2.78755555555487,-5.83736111111113,"Prince_George"
"03",2009,-12.0433333333332,-13.1883333333332,"Prince_George"
"03",2010,12.3834444444453,7.07378125000068,"Prince_George"
"03",2011,-2.6730666666651,-15.0666666666666,"Prince_George"
"03",2012,-7.27666666666656,-8.16666666666656,"Prince_George"
"03",2013,-4.98523333333319,-6.36166666666652,"Prince_George"
"03",2014,-5.90738888888731,-11.3627499999998,"Prince_George"
"03",2015,17.1267777777784,10.2157611111118,"Prince_George"
"03",2016,11.5237888888893,6.33550555555603,"Prince_George"
"03",2017,-3.5761111111103,-11.7216666666666,"Prince_George"
"03",2018,-12.5099999999999,-13.4549999999999,"Prince_George"
"03",2019,-3.19658888888803,-16.201888888888,"Prince_George"
"03",2020,-5.37666666666659,-6.56666666666659,"Prince_George"
"03",2021,7.31531111111179,-4.62166666666659,"Prince_George"
"03",2022,13.388569444445,5.818069444445,"Prince_George"
"03",2023,-8.34333333333328,-9.53333333333328,"Prince_George"
"03",2024,50.4986111111117,34.3194444444451,"Prince_George"
"04",1940,-Inf,-Inf,"Prince_George"
"04",1941,29.0054,20.026,"Prince_George"
"04",1942,5.93399999999997,-1.03200000000001,"Prince_George"
"04",1943,17.1269999999999,11.0691166666666,"Prince_George"
"04",1944,20.8374444444442,12.6594611111109,"Prince_George"
"04",1945,-3.86033333333313,-5.00799999999973,"Prince_George"
"04",1946,-5.53333333333345,-7.17666666666668,"Prince_George"
"04",1947,13.6216666666664,3.88836666666653,"Prince_George"
"04",1948,-9.83333333333335,-11.1433333333333,"Prince_George"
"04",1949,4.32999999999978,-2.16500000000015,"Prince_George"
"04",1950,-7.33333333333336,-8.36666666666669,"Prince_George"
"04",1951,-0.847555555555638,-6.60279999999964,"Prince_George"
"04",1952,23.5273888888886,14.6422222222221,"Prince_George"
"04",1953,-6.64333333333332,-7.9433333333333,"Prince_George"
"04",1954,-12.4333333333333,-13.8333333333333,"Prince_George"
"04",1955,-5.77319999999985,-8.83333333333332,"Prince_George"
"04",1956,0,-7.63333333333333,"Prince_George"
"04",1957,5.3466666666666,-1.95153333333326,"Prince_George"
"04",1958,0.24933333333331,-6.34333333333333,"Prince_George"
"04",1959,-0.909999999999937,-5.58833333333332,"Prince_George"
"04",1960,8.33777777777789,-0.193555555555371,"Prince_George"
"04",1961,1.57244444444458,-4.32166666666664,"Prince_George"
"04",1962,4.02266666666681,-2.61473333333313,"Prince_George"
"04",1963,-6.57666666666665,-7.96666666666665,"Prince_George"
"04",1964,-7.16666666666661,-8.3216666666666,"Prince_George"
"04",1965,-8.33999999999959,-11.6689444444443,"Prince_George"
"04",1966,1.83700000000034,-4.50064999999961,"Prince_George"
"04",1967,-11.3557555555555,-12.78055,"Prince_George"
"04",1968,-4.03333333333326,-4.98833333333326,"Prince_George"
"04",1969,9.45000000000058,1.26000000000054,"Prince_George"
"04",1970,-3.90999999999992,-5.20999999999991,"Prince_George"
"04",1971,13.1900000000009,0.879333333334146,"Prince_George"
"04",1972,6.31711111111179,-1.41625555555483,"Prince_George"
"04",1973,-4.53714444444447,-5.51679444444449,"Prince_George"
"04",1974,-2.46566666666611,-6.17533333333336,"Prince_George"
"04",1975,-10.4333333333332,-11.4333333333332,"Prince_George"
"04",1976,11.6106666666675,2.48800000000085,"Prince_George"
"04",1977,64.9613333333347,48.5253333333347,"Prince_George"
"04",1978,2.57833333333408,-5.03333333333321,"Prince_George"
"04",1979,-3.98666666666568,-5.49999999999987,"Prince_George"
"04",1980,31.6543333333346,20.3468833333346,"Prince_George"
"04",1981,-3.89999999999991,-4.89999999999991,"Prince_George"
"04",1982,-10.3433333333332,-11.6433333333332,"Prince_George"
"04",1983,2.3100111111118,-3.45422222222151,"Prince_George"
"04",1984,33.060000000001,25.365000000001,"Prince_George"
"04",1985,10.7640000000008,1.95390000000079,"Prince_George"
"04",1986,6.76524444444501,-0.166222222221664,"Prince_George"
"04",1987,11.3896666666675,4.44681666666756,"Prince_George"
"04",1988,13.0556666666675,6.40466666666745,"Prince_George"
"04",1989,3.60000000000085,-2.47499999999916,"Prince_George"
"04",1990,-3.68811111111039,-6.62166666666653,"Prince_George"
"04",1991,6.50852222222318,-0.226777777776835,"Prince_George"
"04",1992,22.5993333333344,15.7573333333343,"Prince_George"
"04",1993,-1.69033333333272,-6.31890000000003,"Prince_George"
"04",1994,5.50875555555618,0.347555555556167,"Prince_George"
"04",1995,-3.33333333333321,-4.73333333333321,"Prince_George"
"04",1996,8.93970000000128,-0.460166666665463,"Prince_George"
"04",1997,-1.23133333333248,-8.95655555555552,"Prince_George"
"04",1998,33.672666666668,23.1896666666679,"Prince_George"
"04",1999,10.9167333333342,4.39600000000086,"Prince_George"
"04",2000,0.932000000000733,-5.35899999999928,"Prince_George"
"04",2001,-5.33333333333321,-6.43333333333321,"Prince_George"
"04",2002,6.10000000000111,-3.15166666666549,"Prince_George"
"04",2003,-0.858888888888217,-5.99733333333345,"Prince_George"
"04",2004,14.121111111112,6.36444444444527,"Prince_George"
"04",2005,48.8133333333351,34.640033333335,"Prince_George"
"04",2006,12.9838777777789,1.13644444444554,"Prince_George"
"04",2007,47.0811000000016,31.9440000000016,"Prince_George"
"04",2008,-6.83333333333322,-7.93333333333322,"Prince_George"
"04",2009,-7.29999999999989,-8.75499999999988,"Prince_George"
"04",2010,19.780031250001,13.1866875000009,"Prince_George"
"04",2011,-5.63333333333322,-6.53333333333322,"Prince_George"
"04",2012,-5.18399999999932,-6.56666666666656,"Prince_George"
"04",2013,0.769541666667517,-9.25499999999989,"Prince_George"
"04",2014,-0.259805555554765,-8.83338888888808,"Prince_George"
"04",2015,-0.681333333332866,-4.33333333333324,"Prince_George"
"04",2016,25.1812666666672,18.0606000000006,"Prince_George"
"04",2017,-9.89438888888845,-13.6414638888885,"Prince_George"
"04",2018,-1.90291666666586,-10.4660416666658,"Prince_George"
"04",2019,-3.89333333333327,-4.78333333333327,"Prince_George"
"04",2020,4.61292222222303,-6.17477777777693,"Prince_George"
"04",2021,5.67413888888934,-0.838486111110603,"Prince_George"
"04",2022,-4.09999999999993,-5.59999999999993,"Prince_George"
"04",2023,18.1066666666671,9.27966666666723,"Prince_George"
"04",2024,-3.59999999999995,-5.06666666666661,"Prince_George"
"05",1940,5.68711111111113,-0.741355555555509,"Prince_George"
"05",1941,-4.10930548847924e-14,-3.34266666666665,"Prince_George"
"05",1942,10.1395555555556,2.84598888888895,"Prince_George"
"05",1943,-5.33333333333334,-6.48833333333334,"Prince_George"
"05",1944,4.98993333333319,-2.24266666666677,"Prince_George"
"05",1945,7.28715555555534,0.18188888888876,"Prince_George"
"05",1946,9.15694444444413,-1.05555555555577,"Prince_George"
"05",1947,6.4104444444442,-2.13270555555567,"Prince_George"
"05",1948,39.9126666666663,27.3086666666663,"Prince_George"
"05",1949,14.4691666666663,4.84999999999975,"Prince_George"
"05",1950,-4.70200000000012,-8.40033333333278,"Prince_George"
"05",1951,9.95793333333311,1.3233333333332,"Prince_George"
"05",1952,-3.04,-6.44799999999956,"Prince_George"
"05",1953,11.1173333333335,1.01066666666686,"Prince_George"
"05",1954,-5.90999999999999,-7.05499999999998,"Prince_George"
"05",1955,-3.44775555555543,-9.28833333333332,"Prince_George"
"05",1956,14.6015999999998,2.59199999999998,"Prince_George"
"05",1957,15.849222222222,5.91388888888879,"Prince_George"
"05",1958,15.5117777777776,7.04716111111102,"Prince_George"
"05",1959,20.0766666666667,6.34000000000011,"Prince_George"
"05",1960,-4.74333333333332,-5.94333333333331,"Prince_George"
"05",1961,11.2173000000001,1.8635759602148e-13,"Prince_George"
"05",1962,-7.00999999999997,-8.25499999999997,"Prince_George"
"05",1963,18.3933333333335,8.69085000000027,"Prince_George"
"05",1964,-1.11377777777734,-8.56773333333333,"Prince_George"
"05",1965,-6.54333333333329,-7.83333333333329,"Prince_George"
"05",1966,38.9392666666675,23.1926666666675,"Prince_George"
"05",1967,-3.39999999999958,-7.69999999999994,"Prince_George"
"05",1968,20.2210000000006,7.3866666666673,"Prince_George"
"05",1969,11.4503888888895,2.5055555555562,"Prince_George"
"05",1970,15.3223000000008,4.28831666666747,"Prince_George"
"05",1971,17.5638000000008,9.98490000000086,"Prince_George"
"05",1972,27.8474777777788,15.0251444444456,"Prince_George"
"05",1973,30.900000000001,19.000000000001,"Prince_George"
"05",1974,-5.86666666666657,-7.06666666666657,"Prince_George"
"05",1975,5.97911111111203,-1.35888888888801,"Prince_George"
"05",1976,5.424222222223,-3.11892777777701,"Prince_George"
"05",1977,1.19408888888946,-5.16844444444389,"Prince_George"
"05",1978,-5.24289999999947,-6.78833333333321,"Prince_George"
"05",1979,-5.69999999999987,-6.95499999999987,"Prince_George"
"05",1980,4.16423333333387,-0.0977166666661216,"Prince_George"
"05",1981,5.24166666666726,-1.39428333333273,"Prince_George"
"05",1982,-6.66666666666656,-7.82166666666655,"Prince_George"
"05",1983,60.9939000000012,48.8840000000012,"Prince_George"
"05",1984,-5.66666666666655,-6.82166666666655,"Prince_George"
"05",1985,15.0522222222232,1.3088888888899,"Prince_George"
"05",1986,13.5525000000011,-0.53624999999882,"Prince_George"
"05",1987,2.4414000000007,-4.72629999999926,"Prince_George"
"05",1988,26.5722333333342,18.9397833333342,"Prince_George"
"05",1989,6.60050000000083,-0.429999999999187,"Prince_George"
"05",1990,10.3004777777789,1.36611111111217,"Prince_George"
"05",1991,3.88746666666752,-4.34133333333251,"Prince_George"
"05",1992,7.97500000000108,0.725000000001045,"Prince_George"
"05",1993,56.8160000000017,43.3624000000016,"Prince_George"
"05",1994,0.328888888889476,-4.11111111111055,"Prince_George"
"05",1995,3.57800000000079,-4.17433333333258,"Prince_George"
"05",1996,-5.1433333333332,-6.23333333333319,"Prince_George"
"05",1997,13.2773333333345,3.31933333333443,"Prince_George"
"05",1998,25.0642222222234,14.9656722222234,"Prince_George"
"05",1999,7.70675555555655,-2.2257777777768,"Prince_George"
"05",2000,-4.80322222222225,-6.10423888888895,"Prince_George"
"05",2001,-3.99199999999924,-7.23333333333321,"Prince_George"
"05",2002,-4.0142222222214,-8.06833333333338,"Prince_George"
"05",2003,1.95494444444541,-6.4883333333332,"Prince_George"
"05",2004,5.70577777777862,-1.35512222222142,"Prince_George"
"05",2005,19.8936111111123,10.035277777779,"Prince_George"
"05",2006,16.0111111111123,5.05077777777892,"Prince_George"
"05",2007,4.48800000000094,-3.75599999999906,"Prince_George"
"05",2008,24.4860000000014,10.5178500000014,"Prince_George"
"05",2009,-6.19999999999989,-7.46499999999987,"Prince_George"
"05",2010,0.376266666667458,-6.35499999999988,"Prince_George"
"05",2011,-10.1199999999999,-12.0596666666665,"Prince_George"
"05",2012,-5.91126666666657,-6.91296666666657,"Prince_George"
"05",2013,16.9706916666676,8.01130416666771,"Prince_George"
"05",2014,-5.13409166666611,-7.36883333333311,"Prince_George"
"05",2015,9.25866666666725,2.28160000000063,"Prince_George"
"05",2016,7.16547222222266,1.39143472222269,"Prince_George"
"05",2017,6.45495833333389,-4.1671249999993,"Prince_George"
"05",2018,9.37030555555625,2.32450000000049,"Prince_George"
"05",2019,12.5461111111115,4.64206111111156,"Prince_George"
"05",2020,-5.09999999999992,-6.15499999999992,"Prince_George"
"05",2021,6.09880000000047,-2.74059999999945,"Prince_George"
"05",2022,-8.04333333333327,-9.58833333333326,"Prince_George"
"05",2023,40.4126333333337,28.8913333333338,"Prince_George"
"05",2024,1.38304166666705,-5.49577083333285,"Prince_George"
"06",1940,-3.82155555555554,-5.26666666666666,"Prince_George"
"06",1941,2.37333333333327,-0.830666666666704,"Prince_George"
"06",1942,14.7216666666666,8.06666666666667,"Prince_George"
"06",1943,1.58933333333329,-1.93041666666669,"Prince_George"
"06",1944,1.90711111111102,-2.93999999999998,"Prince_George"
"06",1945,2.68356666666649,-3.47666666666669,"Prince_George"
"06",1946,-3.40000000000002,-4.50000000000002,"Prince_George"
"06",1947,-4.70000000000002,-5.70000000000002,"Prince_George"
"06",1948,9.20433333333315,0.295233333333284,"Prince_George"
"06",1949,-4.81000000000003,-6.65500000000002,"Prince_George"
"06",1950,19.8333333333329,6.22708333333305,"Prince_George"
"06",1951,-4.27427777777783,-6.80000000000002,"Prince_George"
"06",1952,-5.51,-7,"Prince_George"
"06",1953,-4.1809999999998,-5.33088888888862,"Prince_George"
"06",1954,-5.17666666666665,-6.66666666666665,"Prince_George"
"06",1955,4.75733333333337,-3.89979999999981,"Prince_George"
"06",1956,-4.61,-5.9,"Prince_George"
"06",1957,4.2524444444444,-3.51288888888884,"Prince_George"
"06",1958,42.1949999999996,27.2666999999997,"Prince_George"
"06",1959,-3.94399999999986,-4.75999999999983,"Prince_George"
"06",1960,-2.63611111111099,-7.84911111111088,"Prince_George"
"06",1961,25.1946666666667,11.7312666666668,"Prince_George"
"06",1962,-5.49999999999997,-6.50999999999996,"Prince_George"
"06",1963,-2.54955555555538,-5.69999999999997,"Prince_George"
"06",1964,0.35643333333368,-4.69999999999995,"Prince_George"
"06",1965,-0.527333333333079,-5.49999999999995,"Prince_George"
"06",1966,-5.36666666666659,-6.57666666666659,"Prince_George"
"06",1967,9.14507777777818,0.140077777778205,"Prince_George"
"06",1968,-5.31477777777773,-6.8544444444444,"Prince_George"
"06",1969,29.1970000000007,17.6540000000007,"Prince_George"
"06",1970,37.5555555555566,19.5288888888898,"Prince_George"
"06",1971,0.215444444445099,-5.44333333333322,"Prince_George"
"06",1972,8.52888888888964,-1.94144444444372,"Prince_George"
"06",1973,-5.56510000000003,-6.87666666666657,"Prince_George"
"06",1974,0.952955555556312,-5.60999999999989,"Prince_George"
"06",1975,-4.38299999999951,-6.34333333333321,"Prince_George"
"06",1976,-6.9555555555556,-8.12055555555561,"Prince_George"
"06",1977,8.14366666666755,-3.3685166666658,"Prince_George"
"06",1978,14.1501111111122,0.591994444445601,"Prince_George"
"06",1979,-5.2433333333332,-6.09999999999986,"Prince_George"
"06",1980,-3.43333333333322,-4.23333333333322,"Prince_George"
"06",1981,-3.96666666666657,-5.36666666666657,"Prince_George"
"06",1982,23.2837333333342,11.7200000000009,"Prince_George"
"06",1983,-2.80999999999995,-3.90999999999988,"Prince_George"
"06",1984,-5.01467777777708,-7.04333333333321,"Prince_George"
"06",1985,-0.369333333332742,-5.23333333333322,"Prince_George"
"06",1986,4.5760000000006,-0.175999999999409,"Prince_George"
"06",1987,24.8888888888898,18.9155555555565,"Prince_George"
"06",1988,-3.93333333333322,-4.73333333333322,"Prince_George"
"06",1989,11.1417777777788,-0.747005555554475,"Prince_George"
"06",1990,4.95733333333407,-0.819866666665904,"Prince_George"
"06",1991,1.46766666666755,-5.45133333333247,"Prince_George"
"06",1992,19.9397777777788,14.2400111111121,"Prince_George"
"06",1993,0.511333333333684,-3.39999999999987,"Prince_George"
"06",1994,12.4372000000009,5.35720000000096,"Prince_George"
"06",1995,8.0056666666674,3.91766666666738,"Prince_George"
"06",1996,-3.57788888888772,-6.32955555555563,"Prince_George"
"06",1997,-1.01534999999936,-3.99999999999986,"Prince_George"
"06",1998,3.29633333333379,-1.09511111111083,"Prince_George"
"06",1999,10.2726666666677,-3.14938333333239,"Prince_George"
"06",2000,4.33155555555624,-1.63417777777708,"Prince_George"
"06",2001,-4.83333333333322,-5.84333333333321,"Prince_George"
"06",2002,16.2335555555566,2.33707222222321,"Prince_George"
"06",2003,2.07111111111196,-3.61199999999995,"Prince_George"
"06",2004,30.6026666666679,22.4688000000013,"Prince_George"
"06",2005,6.89367777777851,-0.371322222221545,"Prince_George"
"06",2006,10.0168888888897,3.85395555555629,"Prince_George"
"06",2007,46.0243333333349,31.0396666666682,"Prince_George"
"06",2008,29.2817777777789,19.9904444444455,"Prince_George"
"06",2009,2.25175555555627,-5.67666666666654,"Prince_George"
"06",2010,-4.26666666666655,-5.27666666666654,"Prince_George"
"06",2011,-4.46666666666655,-5.36666666666655,"Prince_George"
"06",2012,3.3386666666673,-2.98393333333264,"Prince_George"
"06",2013,18.1216666666673,12.8816666666673,"Prince_George"
"06",2014,1.89811111111162,-3.79622222222168,"Prince_George"
"06",2015,6.34588888888928,2.14977777777819,"Prince_George"
"06",2016,9.57944444444498,3.56444444444501,"Prince_George"
"06",2017,1.23611111111143,-3.78194444444412,"Prince_George"
"06",2018,20.7018000000005,9.57180000000062,"Prince_George"
"06",2019,0.433800000000287,-4.40999999999993,"Prince_George"
"06",2020,-1.703344444444,-5.93333333333326,"Prince_George"
"06",2021,109.974333333334,98.853333333334,"Prince_George"
"06",2022,3.1544444444448,-2.46788888888845,"Prince_George"
"06",2023,5.40411111111133,0.168000000000257,"Prince_George"
"07",1940,-2.91502222222224,-3.59999999999999,"Prince_George"
"07",1941,61.955333333333,54.483333333333,"Prince_George"
"07",1942,16.2388888888889,10.6888888888889,"Prince_George"
"07",1943,-2.86166666666666,-3.91,"Prince_George"
"07",1944,9.90511111111092,5.41977777777761,"Prince_George"
"07",1945,-1.60600000000012,-5.40000000000003,"Prince_George"
"07",1946,-4.16666666666669,-5.26666666666669,"Prince_George"
"07",1947,-5.10000000000002,-5.90000000000002,"Prince_George"
"07",1948,-3.43333333333335,-4.53333333333335,"Prince_George"
"07",1949,-1.94933333333349,-6.18133333333293,"Prince_George"
"07",1950,-1.32056666666669,-3.3666666666667,"Prince_George"
"07",1951,16.5511111111108,8.03911111111092,"Prince_George"
"07",1952,-4.76666666666667,-5.36666666666667,"Prince_George"
"07",1953,14.44,6.4980000000001,"Prince_George"
"07",1954,-5.19999999999999,-6.29999999999998,"Prince_George"
"07",1955,-3.88622222222211,-4.73333333333333,"Prince_George"
"07",1956,12.4296666666666,4.05866666666663,"Prince_George"
"07",1957,-5.4,-6.3,"Prince_George"
"07",1958,4.63466666666656,1.44833333333329,"Prince_George"
"07",1959,-0.987333333333236,-4.88833333333331,"Prince_George"
"07",1960,3.96580000000002,0.496666666666741,"Prince_George"
"07",1961,11.2435555555556,5.36044444444454,"Prince_George"
"07",1962,2.5103666666668,-1.58133333333317,"Prince_George"
"07",1963,-4.35199999999988,-5.16799999999987,"Prince_George"
"07",1964,0.804222222222476,-4.27777777777752,"Prince_George"
"07",1965,6.40888888888914,2.29918888888916,"Prince_George"
"07",1966,-1.58085555555509,-5.2666666666666,"Prince_George"
"07",1967,-1.73288888888866,-4.18833333333326,"Prince_George"
"07",1968,3.26666666666715,-4.37666666666658,"Prince_George"
"07",1969,-0.825999999999916,-2.12399999999994,"Prince_George"
"07",1970,3.84545728593369e-13,-3.60799999999964,"Prince_George"
"07",1971,14.2569000000008,9.71133333333413,"Prince_George"
"07",1972,-4.66666666666656,-5.52166666666656,"Prince_George"
"07",1973,-4.92211111111068,-6.4549999999999,"Prince_George"
"07",1974,-4.66666666666657,-5.66666666666657,"Prince_George"
"07",1975,39.4605555555567,30.0922222222233,"Prince_George"
"07",1976,-4.9999999999999,-5.73333333333324,"Prince_George"
"07",1977,-3.0649999999993,-6.05200000000001,"Prince_George"
"07",1978,2.48055555555603,-0.261111111110653,"Prince_George"
"07",1979,13.5204444444454,7.92577777777873,"Prince_George"
"07",1980,-3.54422222222214,-4.73333333333322,"Prince_George"
"07",1981,8.36500000000074,2.62900000000072,"Prince_George"
"07",1982,12.1382222222229,8.61422222222289,"Prince_George"
"07",1983,-4.16666666666656,-4.86666666666656,"Prince_George"
"07",1984,4.6550000000009,0.980000000000887,"Prince_George"
"07",1985,6.19333333333403,-0.619333333332661,"Prince_George"
"07",1986,-2.19902222222174,-4.76666666666656,"Prince_George"
"07",1987,4.12200000000055,-0.915999999999464,"Prince_George"
"07",1988,-2.20999999999952,-4.83333333333322,"Prince_George"
"07",1989,0.101966666667211,-3.39403333333275,"Prince_George"
"07",1990,8.10788888888962,2.45122222222294,"Prince_George"
"07",1991,-1.6684111111106,-3.5363333333333,"Prince_George"
"07",1992,4.78933333333403,0.95038333333401,"Prince_George"
"07",1993,-4.03333333333321,-4.63333333333322,"Prince_George"
"07",1994,2.68646666666723,-0.455333333332776,"Prince_George"
"07",1995,-0.483511111110677,-3.14844444444403,"Prince_George"
"07",1996,1.4273333333341,-1.78416666666593,"Prince_George"
"07",1997,-2.00349999999959,-4.5333333333332,"Prince_George"
"07",1998,16.7743333333342,13.4563333333341,"Prince_George"
"07",1999,0.393333333334026,-4.32666666666601,"Prince_George"
"07",2000,-2.34844444444398,-3.89999999999989,"Prince_George"
"07",2001,-4.39999999999989,-5.19999999999989,"Prince_George"
"07",2002,9.8265777777785,5.64977777777849,"Prince_George"
"07",2003,-1.05511111111061,-4.2883333333332,"Prince_George"
"07",2004,2.1133333333338,-0.422666666666245,"Prince_George"
"07",2005,-3.24333333333319,-4.48833333333319,"Prince_George"
"07",2006,38.4787333333346,28.9420333333346,"Prince_George"
"07",2007,20.8644444444455,12.3861111111121,"Prince_George"
"07",2008,26.5650000000011,17.710000000001,"Prince_George"
"07",2009,20.4518666666674,15.9750000000008,"Prince_George"
"07",2010,17.0583333333343,8.90000000000091,"Prince_George"
"07",2011,-5.23333333333322,-6.13333333333322,"Prince_George"
"07",2012,8.17416666666724,3.55816666666724,"Prince_George"
"07",2013,2.23266666666705,-0.919333333332943,"Prince_George"
"07",2014,15.7866666666672,9.96266666666728,"Prince_George"
"07",2015,17.3848888888894,10.8655555555561,"Prince_George"
"07",2016,-3.36666666666658,-3.96666666666658,"Prince_George"
"07",2017,-3.44333333333326,-4.68833333333325,"Prince_George"
"07",2018,13.0842222222227,7.91088888888945,"Prince_George"
"07",2019,-3.83333333333326,-4.3666666666666,"Prince_George"
"07",2020,0.838166666667041,-3.44183333333287,"Prince_George"
"07",2021,3.84955555555574,0.113222222222444,"Prince_George"
"07",2022,10.514166666667,7.073166666667,"Prince_George"
"07",2023,11.2955555555557,5.81388888888909,"Prince_George"
"08",1940,3.8405555555556,1.03447222222228,"Prince_George"
"08",1941,3.57933333333326,1.78966666666661,"Prince_George"
"08",1942,10.981,6.81099999999998,"Prince_George"
"08",1943,-1.77499999999998,-3.3784166666666,"Prince_George"
"08",1944,2.00799999999991,-2.67733333333338,"Prince_George"
"08",1945,-1.54333333333336,-2.53333333333335,"Prince_George"
"08",1946,1.0620999999999,-2.87311666666666,"Prince_George"
"08",1947,-3.97226666666665,-5.26666666666669,"Prince_George"
"08",1948,-3.23333333333335,-4.03333333333335,"Prince_George"
"08",1949,-3.82799999999993,-4.88833333333336,"Prince_George"
"08",1950,-3.66333333333337,-4.75500000000003,"Prince_George"
"08",1951,-2.96316666666648,-3.86666666666668,"Prince_George"
"08",1952,-2.92266666666655,-4.44333333333332,"Prince_George"
"08",1953,-3.04333333333332,-4.18833333333332,"Prince_George"
"08",1954,-3.69666666666666,-5.06666666666666,"Prince_George"
"08",1955,-4.33333333333332,-5.38833333333332,"Prince_George"
"08",1956,6.69777777777766,2.67911111111106,"Prince_George"
"08",1957,-2.77666666666667,-4.13333333333333,"Prince_George"
"08",1958,-0.504888888888881,-2.31302222222216,"Prince_George"
"08",1959,-5.26666666666665,-6.02166666666665,"Prince_George"
"08",1960,4.64496666666667,0.956316666666746,"Prince_George"
"08",1961,1.91600000000006,-0.638666666666592,"Prince_George"
"08",1962,-2.42999999999997,-3.79999999999997,"Prince_George"
"08",1963,1.77718888888897,-0.73229444444435,"Prince_George"
"08",1964,-3.74333333333329,-4.73333333333329,"Prince_George"
"08",1965,6.552888888889,4.74222222222234,"Prince_George"
"08",1966,-0.913777777777526,-3.616,"Prince_George"
"08",1967,12.8572333333335,7.8293333333335,"Prince_George"
"08",1968,-3.56666666666659,-4.42166666666659,"Prince_George"
"08",1969,-3.13333333333325,-4.53333333333325,"Prince_George"
"08",1970,-0.660444444444041,-3.63333333333325,"Prince_George"
"08",1971,4.06895555555592,1.4292555555559,"Prince_George"
"08",1972,-0.762055555555036,-3.1999999999999,"Prince_George"
"08",1973,-2.53333333333324,-3.48833333333323,"Prince_George"
"08",1974,5.53448888888922,1.40622222222253,"Prince_George"
"08",1975,-3.89999999999989,-4.65499999999989,"Prince_George"
"08",1976,-3.53333333333324,-4.6549999999999,"Prince_George"
"08",1977,1.44466666666692,-0.0426833333330992,"Prince_George"
"08",1978,-0.141999999999752,-2.58833333333321,"Prince_George"
"08",1979,1.8340000000004,-0.611333333332957,"Prince_George"
"08",1980,-4.56666666666657,-5.26666666666656,"Prince_George"
"08",1981,11.0533222222226,6.96777222222267,"Prince_George"
"08",1982,-1.24533333333299,-2.62166666666655,"Prince_George"
"08",1983,-0.177233333332868,-2.30844444444435,"Prince_George"
"08",1984,-2.11999999999948,-4.03333333333321,"Prince_George"
"08",1985,-1.96666666666657,-2.86666666666657,"Prince_George"
"08",1986,2.50933333333371,-0.799849999999634,"Prince_George"
"08",1987,-1.96233333333311,-3.4626666666666,"Prince_George"
"08",1988,4.10520000000049,-0.642733333332839,"Prince_George"
"08",1989,-1.07666666666654,-2.1333333333332,"Prince_George"
"08",1990,21.8400000000009,16.2532500000009,"Prince_George"
"08",1991,12.7400000000008,8.82000000000077,"Prince_George"
"08",1992,4.1921111111118,0.722777777778422,"Prince_George"
"08",1993,2.09344444444479,-1.30013888888851,"Prince_George"
"08",1994,7.18933333333395,3.34753333333394,"Prince_George"
"08",1995,-2.90159999999977,-4.39999999999987,"Prince_George"
"08",1996,1.10969444444483,-2.18959583333296,"Prince_George"
"08",1997,6.24452777777846,3.00041944444514,"Prince_George"
"08",1998,1.60956666666687,-0.5242166666665,"Prince_George"
"08",1999,7.63533333333403,1.43896666666735,"Prince_George"
"08",2000,2.15644444444492,-2.06666666666655,"Prince_George"
"08",2001,0.368333333333774,-2.57833333333293,"Prince_George"
"08",2002,12.1791111111118,7.2711111111118,"Prince_George"
"08",2003,-1.148333333333,-2.90622222222209,"Prince_George"
"08",2004,13.6106666666674,10.3253333333341,"Prince_George"
"08",2005,-1.8433333333332,-2.8333333333332,"Prince_George"
"08",2006,-1.44333333333321,-2.8883333333332,"Prince_George"
"08",2007,-2.39999999999988,-3.45499999999987,"Prince_George"
"08",2008,10.0496666666673,5.96166666666731,"Prince_George"
"08",2009,4.47200000000042,1.97600000000039,"Prince_George"
"08",2010,-0.32233333333295,-1.69999999999989,"Prince_George"
"08",2011,-2.95799999999988,-4.03409999999987,"Prince_George"
"08",2012,1.96605000000019,0.0267750000002201,"Prince_George"
"08",2013,8.30560000000042,4.1207333333338,"Prince_George"
"08",2014,5.4400000000003,3.06000000000032,"Prince_George"
"08",2015,-2.67666666666658,-3.66666666666658,"Prince_George"
"08",2016,-1.44542499999976,-2.22166666666658,"Prince_George"
"08",2017,1.59568333333363,-1.56666666666659,"Prince_George"
"08",2018,-0.656999999999828,-2.72711111111095,"Prince_George"
"08",2019,-1.98593749999993,-2.74093749999993,"Prince_George"
"08",2020,-1.69777777777752,-3.16666666666659,"Prince_George"
"08",2021,5.41333333333359,2.70666666666694,"Prince_George"
"08",2022,4.72111111111115,2.78882777777786,"Prince_George"
"08",2023,2.19766666666682,-0.231333333333144,"Prince_George"
"09",1940,2.88945555555555,0.89422222222222,"Prince_George"
"09",1941,-3.06666666666667,-4.34333333333333,"Prince_George"
"09",1942,3.84999999999997,-0.284700000000014,"Prince_George"
"09",1943,13.1109333333331,7.92999999999983,"Prince_George"
"09",1944,6.44288888888872,3.37232222222212,"Prince_George"
"09",1945,-0.866333333333317,-2.22233333333324,"Prince_George"
"09",1946,-0.210000000000027,-1.40000000000003,"Prince_George"
"09",1947,6.76533333333315,0.36973333333326,"Prince_George"
"09",1948,-0.0670000000000408,-2.27799999999998,"Prince_George"
"09",1949,-2.30000000000003,-3.20000000000003,"Prince_George"
"09",1950,15.4586666666663,9.47466666666639,"Prince_George"
"09",1951,-1.53699999999994,-2.93333333333335,"Prince_George"
"09",1952,10.4499999999998,6.6499999999999,"Prince_George"
"09",1953,0.129111111111127,-2.21999999999989,"Prince_George"
"09",1954,-0.307999999999973,-2.00199999999989,"Prince_George"
"09",1955,-2.34033333333317,-3.42323333333309,"Prince_George"
"09",1956,0.7323333333333,-1.29566666666661,"Prince_George"
"09",1957,2.03333333333325,0.406666666666647,"Prince_George"
"09",1958,5.80199999999994,2.07905000000001,"Prince_George"
"09",1959,-2.3425999999999,-3.70999999999986,"Prince_George"
"09",1960,-2.71333333333323,-3.72166666666664,"Prince_George"
"09",1961,-2.99999999999998,-4.19999999999997,"Prince_George"
"09",1962,-1.49199999999992,-3.0883333333333,"Prince_George"
"09",1963,3.59644444444454,1.86244444444454,"Prince_George"
"09",1964,-3.06666666666662,-4.26666666666662,"Prince_George"
"09",1965,-2.23859999999988,-3.86666666666662,"Prince_George"
"09",1966,-0.0513333333332191,-1.89933333333325,"Prince_George"
"09",1967,1.26666666666672,0.511666666666729,"Prince_George"
"09",1968,-2.45588888888884,-4.13333333333327,"Prince_George"
"09",1969,0.538933333333636,-3.36562222222223,"Prince_George"
"09",1970,0.401333333333677,-3.832733333333,"Prince_George"
"09",1971,-3.14333333333323,-4.74333333333322,"Prince_George"
"09",1972,-0.833333333333233,-2.03333333333323,"Prince_George"
"09",1973,-2.39777777777744,-4.23029444444442,"Prince_George"
"09",1974,0.534444444444579,-0.933333333333232,"Prince_George"
"09",1975,-0.662999999999764,-2.29999999999996,"Prince_George"
"09",1976,1.64028790550221e-13,-1.29104999999985,"Prince_George"
"09",1977,-2.19999999999989,-3.45499999999988,"Prince_George"
"09",1978,-2.16999999999988,-3.24794999999994,"Prince_George"
"09",1979,5.1570000000003,2.86500000000027,"Prince_George"
"09",1980,-2.96666666666657,-3.76666666666657,"Prince_George"
"09",1981,14.676666666667,10.403166666667,"Prince_George"
"09",1982,0.806866666666856,-1.22166666666655,"Prince_George"
"09",1983,-1.73799999999984,-3.26666666666655,"Prince_George"
"09",1984,-2.53333333333321,-3.68833333333321,"Prince_George"
"09",1985,-3.14333333333323,-4.5999999999999,"Prince_George"
"09",1986,-1.94333333333322,-3.48833333333322,"Prince_George"
"09",1987,20.5694444444451,13.8802611111118,"Prince_George"
"09",1988,13.9256000000006,6.71493333333393,"Prince_George"
"09",1989,0.0715555555556985,-1.04711111111101,"Prince_George"
"09",1990,12.0213333333339,7.27813333333392,"Prince_George"
"09",1991,3.51480000000041,0.957000000000382,"Prince_George"
"09",1992,26.3433333333346,18.7547277777791,"Prince_George"
"09",1993,0.776344444444712,-0.883333333333132,"Prince_George"
"09",1994,13.8960000000006,9.22540000000062,"Prince_George"
"09",1995,4.7825555555561,1.11222222222271,"Prince_George"
"09",1996,-0.16622222222205,-1.73078888888876,"Prince_George"
"09",1997,4.43200000000043,1.38500000000038,"Prince_George"
"09",1998,-1.27666666666655,-2.46666666666655,"Prince_George"
"09",1999,-0.584444444444268,-2.56666666666656,"Prince_George"
"09",2000,4.37834444444499,-0.610222222221705,"Prince_George"
"09",2001,4.24200000000036,0.606000000000332,"Prince_George"
"09",2002,-1.59999999999988,-2.79999999999988,"Prince_George"
"09",2003,-0.909999999999867,-2.4333333333332,"Prince_George"
"09",2004,-1.94133333333312,-3.13333333333321,"Prince_George"
"09",2005,-2.66666666666653,-3.76666666666653,"Prince_George"
"09",2006,3.43530000000044,-0.522999999999793,"Prince_George"
"09",2007,-1.04377777777764,-2.33333333333322,"Prince_George"
"09",2008,4.97114444444486,1.3814777777782,"Prince_George"
"09",2009,4.36333333333361,2.49993333333358,"Prince_George"
"09",2010,-2.7641999999997,-4.33333333333321,"Prince_George"
"09",2011,3.05277777777814,-0.873999999999706,"Prince_George"
"09",2012,-0.766666666666572,-1.83333333333323,"Prince_George"
"09",2013,1.96666666666677,0.866666666666772,"Prince_George"
"09",2014,4.75388888888913,0.312666666666929,"Prince_George"
"09",2015,13.0744444444449,7.16292777777828,"Prince_George"
"09",2016,-1.16666666666659,-2.36666666666659,"Prince_George"
"09",2017,0.346666666666737,-0.633333333333258,"Prince_George"
"09",2018,-2.36666666666659,-3.26666666666659,"Prince_George"
"09",2019,-0.278614583333224,-1.81099479166653,"Prince_George"
"09",2020,-0.0614444444443061,-2.0253333333332,"Prince_George"
"09",2021,-0.45333333333326,-1.43333333333326,"Prince_George"
"09",2022,4.94840000000008,2.22400000000013,"Prince_George"
"09",2023,-0.519999999999953,-1.49999999999995,"Prince_George"
"10",1940,36.6991777777777,24.7724444444444,"Prince_George"
"10",1941,0.456444444444429,-1.22888888888888,"Prince_George"
"10",1942,5.2682777777777,-1.2055555555556,"Prince_George"
"10",1943,1.7997777777777,-0.951805555555535,"Prince_George"
"10",1944,10.6166666666664,5.94533333333316,"Prince_George"
"10",1945,35.9496666666662,27.4758166666663,"Prince_George"
"10",1946,-2.06466666666663,-5.04333333333335,"Prince_George"
"10",1947,-0.410000000000021,-1.85500000000001,"Prince_George"
"10",1948,-2.21000000000002,-3.65500000000001,"Prince_George"
"10",1949,2.75922222222204,-2.0331111111112,"Prince_George"
"10",1950,-3.90000000000003,-5.23333333333336,"Prince_George"
"10",1951,35.8375555555551,18.1862222222219,"Prince_George"
"10",1952,0.903333333333331,-1.02166666666666,"Prince_George"
"10",1953,0.16300000000001,-1.59747777777766,"Prince_George"
"10",1954,13.5114666666665,3.39199999999999,"Prince_George"
"10",1955,-2.79999999999999,-3.95499999999998,"Prince_George"
"10",1956,-4.09666666666667,-5.66499999999999,"Prince_George"
"10",1957,-3,-4.155,"Prince_George"
"10",1958,48.4905555555553,37.0494055555554,"Prince_George"
"10",1959,-1.74333333333326,-3.06799999999988,"Prince_George"
"10",1960,1.84212222222223,-0.676994444444384,"Prince_George"
"10",1961,32.7494444444445,22.4974444444446,"Prince_George"
"10",1962,8.98544444444448,3.46129444444454,"Prince_George"
"10",1963,4.19200000000014,1.04800000000014,"Prince_George"
"10",1964,5.91088888888904,-1.23577777777755,"Prince_George"
"10",1965,6.78270000000014,0.47511666666684,"Prince_George"
"10",1966,-0.0403333333332414,-1.80999999999991,"Prince_George"
"10",1967,-1.65333333333328,-3.50833333333325,"Prince_George"
"10",1968,7.68966666666699,2.01288333333367,"Prince_George"
"10",1969,-2.47066666666651,-4.15499999999991,"Prince_George"
"10",1970,0.156600000000138,-3.27555555555546,"Prince_George"
"10",1971,-1.54916666666634,-4.7790333333334,"Prince_George"
"10",1972,3.17333333333393,-5.35876666666666,"Prince_George"
"10",1973,-2.83333333333324,-3.96666666666657,"Prince_George"
"10",1974,-0.676666666666566,-2.2999999999999,"Prince_George"
"10",1975,-0.485555555555406,-1.95678888888875,"Prince_George"
"10",1976,-1.16666666666657,-2.63166666666655,"Prince_George"
"10",1977,1.381666666667,-2.08631666666636,"Prince_George"
"10",1978,10.3849777777783,3.5591111111116,"Prince_George"
"10",1979,14.2564000000006,8.15236666666726,"Prince_George"
"10",1980,17.7760000000005,9.32800000000052,"Prince_George"
"10",1981,2.4717777777781,-2.24855555555522,"Prince_George"
"10",1982,6.25100000000038,2.30300000000037,"Prince_George"
"10",1983,-1.8113333333332,-3.55499999999988,"Prince_George"
"10",1984,2.04100000000056,-4.12909999999941,"Prince_George"
"10",1985,-2.9999999999999,-4.8999999999999,"Prince_George"
"10",1986,10.8120000000007,1.0200000000007,"Prince_George"
"10",1987,6.71494444444489,1.48886111111156,"Prince_George"
"10",1988,0.398977777778073,-2.48833333333321,"Prince_George"
"10",1989,1.48100790890268e-13,-2.44166666666651,"Prince_George"
"10",1990,-2.96666666666653,-4.16666666666653,"Prince_George"
"10",1991,10.4000000000007,4.30560000000067,"Prince_George"
"10",1992,2.08266666666711,-2.46133333333296,"Prince_George"
"10",1993,1.52533333333357,-0.972399999999768,"Prince_George"
"10",1994,1.68600000000039,-1.68599999999966,"Prince_George"
"10",1995,-2.61999999999986,-4.36666666666652,"Prince_George"
"10",1996,7.38666666666742,-2.76999999999934,"Prince_George"
"10",1997,-0.638749999999744,-2.86666666666654,"Prince_George"
"10",1998,-1.05333333333322,-2.9433333333332,"Prince_George"
"10",1999,6.60977777777822,-0.635555555555165,"Prince_George"
"10",2000,-2.64333333333322,-3.98833333333322,"Prince_George"
"10",2001,-2.47099999999981,-4.15499999999989,"Prince_George"
"10",2002,-2.13333333333321,-3.43333333333321,"Prince_George"
"10",2003,3.50400000000038,-0.656999999999726,"Prince_George"
"10",2004,6.5896666666672,2.28151666666716,"Prince_George"
"10",2005,6.77222222222287,1.89622222222281,"Prince_George"
"10",2006,-2.37666666666654,-4.36666666666654,"Prince_George"
"10",2007,1.8700000000003,-2.20999999999974,"Prince_George"
"10",2008,5.92422222222266,2.537355555556,"Prince_George"
"10",2009,-2.64599999999992,-4.76666666666655,"Prince_George"
"10",2010,-0.043333333333214,-1.1983333333332,"Prince_George"
"10",2011,-3.44333333333323,-4.59833333333322,"Prince_George"
"10",2012,-1.83333333333324,-3.03333333333324,"Prince_George"
"10",2013,3.59163333333365,-2.86994999999963,"Prince_George"
"10",2014,11.3391666666668,6.41666666666684,"Prince_George"
"10",2015,3.36426666666694,-2.79433333333294,"Prince_George"
"10",2016,-1.19800555555541,-3.05948055555535,"Prince_George"
"10",2017,-1.16666666666659,-2.36666666666659,"Prince_George"
"10",2018,-2.33333333333327,-3.78833333333326,"Prince_George"
"10",2019,-3.63333333333326,-4.93333333333326,"Prince_George"
"10",2020,0.58644444444453,-0.682788888888774,"Prince_George"
"10",2021,-2.13333333333325,-3.48833333333325,"Prince_George"
"10",2022,0.693777777777855,-0.807755555555431,"Prince_George"
"10",2023,13.013263888889,3.60093055555573,"Prince_George"
"11",1940,-3.11782222222229,-7.06666666666667,"Prince_George"
"11",1941,12.2748888888888,6.79165555555551,"Prince_George"
"11",1942,15.6877333333331,3.92193333333325,"Prince_George"
"11",1943,27.3182222222219,19.4595555555553,"Prince_George"
"11",1944,1.00833333333327,-0.75221666666666,"Prince_George"
"11",1945,-4.63333333333336,-5.73333333333336,"Prince_George"
"11",1946,-3.04488888888879,-4.45500000000002,"Prince_George"
"11",1947,-2.1907888888888,-3.93333333333335,"Prince_George"
"11",1948,-1.05024444444441,-2.59777777777767,"Prince_George"
"11",1949,5.42799999999977,0.452333333333191,"Prince_George"
"11",1950,-3.76666666666669,-5.23166666666668,"Prince_George"
"11",1951,-4.52168888888859,-5.87733333333288,"Prince_George"
"11",1952,-1.07666666666667,-2.16666666666666,"Prince_George"
"11",1953,5.72333333333317,3.09733333333326,"Prince_George"
"11",1954,8.99624444444418,5.70244444444429,"Prince_George"
"11",1955,3.57777777777777,-2.3255555555554,"Prince_George"
"11",1956,0.925344444444417,-4.00522222222214,"Prince_George"
"11",1957,2.13798888888881,-1.07911111111107,"Prince_George"
"11",1958,11.7111111111111,2.18997777777784,"Prince_George"
"11",1959,12.0877777777778,1.40586111111123,"Prince_George"
"11",1960,-0.966666666666642,-1.92166666666664,"Prince_George"
"11",1961,-3.35377777777767,-4.65251111111096,"Prince_George"
"11",1962,2.78444444444447,0.159111111111172,"Prince_George"
"11",1963,-2.23333333333328,-3.33333333333328,"Prince_George"
"11",1964,-1.90999999999996,-3.19999999999996,"Prince_George"
"11",1965,4.88366666666703,-4.18599999999964,"Prince_George"
"11",1966,-4.26666666666659,-5.36666666666659,"Prince_George"
"11",1967,-0.329777777777704,-1.99444444444437,"Prince_George"
"11",1968,12.272866666667,6.79466666666697,"Prince_George"
"11",1969,8.32413333333368,4.46933333333364,"Prince_George"
"11",1970,-1.55333333333326,-2.88833333333325,"Prince_George"
"11",1971,0.561388888889266,-4.06111111111077,"Prince_George"
"11",1972,0.0890555555559278,-4.66666666666657,"Prince_George"
"11",1973,-8.1199999999999,-9.4549999999999,"Prince_George"
"11",1974,-3.17666666666657,-4.36666666666656,"Prince_George"
"11",1975,2.52777777777812,-1.26388888888858,"Prince_George"
"11",1976,-1.64333333333324,-2.68833333333323,"Prince_George"
"11",1977,1.5950000000002,-0.144999999999836,"Prince_George"
"11",1978,-0.699999999999879,-1.79999999999988,"Prince_George"
"11",1979,4.4653666666672,-0.819333333332827,"Prince_George"
"11",1980,8.95916666666696,4.58791666666698,"Prince_George"
"11",1981,9.88044444444481,6.43377777777814,"Prince_George"
"11",1982,-2.19999999999989,-3.66499999999988,"Prince_George"
"11",1983,0.100000000000116,-0.999999999999884,"Prince_George"
"11",1984,-6.94333333333322,-8.28833333333321,"Prince_George"
"11",1985,-7.13333333333323,-8.4999999999999,"Prince_George"
"11",1986,-0.268377777777089,-2.96666666666655,"Prince_George"
"11",1987,3.1031888888892,0.295111111111368,"Prince_George"
"11",1988,3.18333333333373,-0.95499999999963,"Prince_George"
"11",1989,0.213866666667012,-1.35244444444432,"Prince_George"
"11",1990,-3.2333333333332,-4.5333333333332,"Prince_George"
"11",1991,4.08476666666765,-3.46166666666571,"Prince_George"
"11",1992,-0.699999999999854,-1.99999999999985,"Prince_George"
"11",1993,-2.16666666666655,-3.46666666666655,"Prince_George"
"11",1994,-3.56666666666654,-4.56666666666654,"Prince_George"
"11",1995,-2.05869999999952,-4.49999999999986,"Prince_George"
"11",1996,-4.63333333333319,-5.73333333333319,"Prince_George"
"11",1997,-0.585899999999663,-2.83333333333321,"Prince_George"
"11",1998,-0.705455555555434,-2.77288888888882,"Prince_George"
"11",1999,3.56693333333365,-0.278666666666379,"Prince_George"
"11",2000,0.670755555555855,-3.0586666666666,"Prince_George"
"11",2001,29.730222222223,22.0515555555563,"Prince_George"
"11",2002,40.62138888889,30.83888888889,"Prince_George"
"11",2003,-2.14666666666635,-4.12166666666653,"Prince_George"
"11",2004,4.10977777777835,-1.61455555555504,"Prince_George"
"11",2005,2.56477777777811,0.125111111111371,"Prince_George"
"11",2006,-1.71322222222186,-3.89866666666667,"Prince_George"
"11",2007,-0.933333333333221,-2.13333333333322,"Prince_George"
"11",2008,0.0160888888890208,-1.649111111111,"Prince_George"
"11",2009,-2.37666666666655,-4.06666666666655,"Prince_George"
"11",2010,-1.06666666666654,-2.16666666666654,"Prince_George"
"11",2011,-2.53333333333323,-3.53333333333323,"Prince_George"
"11",2012,-5.47666666666657,-6.82166666666656,"Prince_George"
"11",2013,-0.753333333333233,-2.08833333333322,"Prince_George"
"11",2014,-0.699999999999916,-2.15499999999991,"Prince_George"
"11",2015,-2.71999999999991,-4.0549999999999,"Prince_George"
"11",2016,24.867666666667,15.9091916666672,"Prince_George"
"11",2017,2.25493333333353,-2.76666666666659,"Prince_George"
"11",2018,6.71291111111131,-0.13588888888861,"Prince_George"
"11",2019,1.93800000000023,-1.82399999999974,"Prince_George"
"11",2020,-0.798888888888529,-4.19999999999992,"Prince_George"
"11",2021,7.02160000000029,1.47400000000033,"Prince_George"
"11",2022,-4.91497499999956,-8.6666666666666,"Prince_George"
"11",2023,-1.29999999999995,-2.76499999999993,"Prince_George"
"12",1940,17.6374666666666,5.86944444444442,"Prince_George"
"12",1941,2.63822222222217,-0.828444444444447,"Prince_George"
"12",1942,35.4104888888886,17.3486222222221,"Prince_George"
"12",1943,1.29029999999993,-1.07985000000002,"Prince_George"
"12",1944,8.10351111111091,-0.327800000000099,"Prince_George"
"12",1945,6.95846666666639,-4.48933333333353,"Prince_George"
"12",1946,-4.21626666666678,-9.97666666666667,"Prince_George"
"12",1947,5.7419999999998,-2.95075000000005,"Prince_George"
"12",1948,-5.94333333333335,-7.24333333333334,"Prince_George"
"12",1949,-2.81000000000003,-4.11000000000002,"Prince_George"
"12",1950,-8.00410000000006,-10.155,"Prince_George"
"12",1951,1.00356666666655,-5.92166666666667,"Prince_George"
"12",1952,23.1497777777776,12.5197777777777,"Prince_George"
"12",1953,-2.20499999999992,-3.99999999999999,"Prince_George"
"12",1954,4.22166666666655,0.608416666666679,"Prince_George"
"12",1955,-11.0721999999998,-15.9883333333333,"Prince_George"
"12",1956,59.9176444444441,35.7087444444444,"Prince_George"
"12",1957,-0.810266666666617,-2.3913166666665,"Prince_George"
"12",1958,13.7441111111111,-0.888338888888785,"Prince_George"
"12",1959,4.92286666666667,-3.59999999999999,"Prince_George"
"12",1960,0.177777777777912,-4.81998888888874,"Prince_George"
"12",1961,17.1211333333336,-4.90076666666631,"Prince_George"
"12",1962,16.4181333333333,9.51578333333342,"Prince_George"
"12",1963,36.692944444445,18.6903611111117,"Prince_George"
"12",1964,-6.48129999999992,-7.78633333333324,"Prince_George"
"12",1965,2.87700000000031,-4.61999999999968,"Prince_George"
"12",1966,30.5823333333344,12.5653500000011,"Prince_George"
"12",1967,-3.02999999999995,-4.69999999999994,"Prince_George"
"12",1968,-5.2747333333333,-7.02733333333331,"Prince_George"
"12",1969,2.24656666666684,0.673566666666805,"Prince_George"
"12",1970,-10.7633333333333,-12.4333333333333,"Prince_George"
"12",1971,-4.8099999999999,-6.10999999999989,"Prince_George"
"12",1972,3.57000000000111,-11.0333333333332,"Prince_George"
"12",1973,-6.1406666666667,-7.50470000000006,"Prince_George"
"12",1974,1.20780000000043,-4.67666666666656,"Prince_George"
"12",1975,15.6680444444456,-3.33032222222106,"Prince_George"
"12",1976,3.49502222222261,-1.7857777777774,"Prince_George"
"12",1977,-9.57666666666655,-10.8766666666665,"Prince_George"
"12",1978,-7.26666666666655,-8.51583888888899,"Prince_George"
"12",1979,15.7722222222234,1.16577777777884,"Prince_George"
"12",1980,54.7379111111123,33.8506833333344,"Prince_George"
"12",1981,-3.5099999999999,-4.8549999999999,"Prince_George"
"12",1982,-5.88666666666656,-7.52166666666655,"Prince_George"
"12",1983,-5.56666666666655,-7.12166666666655,"Prince_George"
"12",1984,-4.8600222222222,-6.53468888888889,"Prince_George"
"12",1985,16.0391111111132,-8.94349999999993,"Prince_George"
"12",1986,13.804000000001,1.17740000000097,"Prince_George"
"12",1987,1.55845555555574,-0.952111111110948,"Prince_George"
"12",1988,4.63057777777818,0.759111111111497,"Prince_George"
"12",1989,14.3565777777787,3.62311111111201,"Prince_George"
"12",1990,11.151800000001,-2.07569999999889,"Prince_George"
"12",1991,24.5757333333343,14.3079333333343,"Prince_George"
"12",1992,-4.06666666666652,-5.56666666666652,"Prince_George"
"12",1993,1.34133333333393,-4.08833333333321,"Prince_George"
"12",1994,41.7736000000015,22.9360000000015,"Prince_George"
"12",1995,-6.54333333333319,-7.84333333333318,"Prince_George"
"12",1996,-8.87666666666652,-10.0216666666665,"Prince_George"
"12",1997,41.9937777777791,27.5892944444457,"Prince_George"
"12",1998,14.0462000000008,4.1486666666674,"Prince_George"
"12",1999,0.0179111111112463,-1.83588888888879,"Prince_George"
"12",2000,-0.724366666666417,-3.35499999999988,"Prince_George"
"12",2001,-3.16333333333323,-4.83333333333323,"Prince_George"
"12",2002,9.21777777777829,4.33777777777823,"Prince_George"
"12",2003,4.93033333333432,-4.93033333333243,"Prince_George"
"12",2004,10.011111111112,1.78000000000076,"Prince_George"
"12",2005,31.4282222222238,14.3802388888905,"Prince_George"
"12",2006,6.76388888888999,-5.62166666666653,"Prince_George"
"12",2007,-8.59666666666656,-10.2666666666666,"Prince_George"
"12",2008,0.4181333333335,-1.83333333333322,"Prince_George"
"12",2009,-9.14333333333322,-10.2883333333332,"Prince_George"
"12",2010,22.2750000000013,4.5000000000013,"Prince_George"
"12",2011,3.17200000000054,-5.0487666666661,"Prince_George"
"12",2012,-4.9099999999999,-6.0999999999999,"Prince_George"
"12",2013,4.3800000000009,-7.48979999999905,"Prince_George"
"12",2014,65.9171444444454,39.4337777777789,"Prince_George"
"12",2015,16.8967916666673,7.98666666666731,"Prince_George"
"12",2016,-3.56666666666659,-5.02166666666658,"Prince_George"
"12",2017,0.27222222222253,-4.36666666666659,"Prince_George"
"12",2018,9.6235555555558,2.50375555555589,"Prince_George"
"12",2019,-0.778222222221791,-6.16666666666659,"Prince_George"
"12",2020,16.506805555556,6.04013888888942,"Prince_George"
"12",2021,-2.44333333333325,-3.74333333333324,"Prince_George"
"12",2022,-10.0099999999999,-11.6099999999999,"Prince_George"
"12",2023,14.1309777777779,4.01504444444469,"Prince_George"
